lucas,lucas@gmial.com,5456456,["Ficcao Cientifica","Fantasia","Infantil","Misterio"]
gabriel,gabriel@gmial.com,456456,["Ficcao Cientifica","Fantasia","Infantil","Misterio"]
raimundo,raimundo@gmail.com,545468,["Romance"]
gabriel,gabriel.yuri1020@gmail.com,123456,["Ficcao Cientifica","Fantasia","Infantil","Misterio","Historia"]
gabriel,gabriel.tiboca@gmail.com,48789798,["Ficcao Cientifica","Fantasia","Infantil","Historia"]
Arthur,Arthur@gmail.com,131234,["Ficcao Cientifica","Romance","Misterio","Fantasia"]
rafael;rafafa@gmail.com;5454666;["Ficcao Cientifica","Fantasia","Infantil","Misterio"]
